СуммаНачальныйОстаток;СуммаОборотДт;СуммаОборотКт;СуммаКонечныйОстаток;УровеньВГруппировке;Уровень;ДатаНачалаОтчета;Id_Организация;id_Субконто1;id_Субконто2;НомерПоПорядку;accountType_bank;accountType_cash;organization_name;account_name;parent_account_id;account_id;subconto;currency;is_total_row;level;reportDate
110683,22;0;0;110683,22;1;1;2025-08-14T00:00:00;6fa89de9-b1f1-43ab-bb90-285179632602;3d9b5c97-0570-11f0-967e-2c6dc1e036d0;;2;bank;;ВершининДмитрийБорисовичИП;;;6fa89de9-b1f1-43ab-bb90-285179632602;;;ИСТИНА;1;2025-08-14
99601,21;0;0;99601,21;1;2;2025-08-14T00:00:00;6fa89de9-b1f1-43ab-bb90-285179632602;f18efab4-0574-11f0-967e-2c6dc1e036d0;;3;bank;;ВершининДмитрийБорисовичИП;Сбербанк;6fa89de9-b1f1-43ab-bb90-285179632602;f18efab4-0574-11f0-967e-2c6dc1e036d0;;;ЛОЖЬ;2;2025-08-14
4733,12;0;0;4733,12;1;2;2025-08-14T00:00:00;6fa89de9-b1f1-43ab-bb90-285179632602;3d9b5c9a-0570-11f0-967e-2c6dc1e036d0;;4;bank;;ВершининДмитрийБорисовичИП;ЮникредитБанк;6fa89de9-b1f1-43ab-bb90-285179632602;3d9b5c9a-0570-11f0-967e-2c6dc1e036d0;;;ЛОЖЬ;2;2025-08-14
6348,89;0;0;6348,89;1;2;2025-08-14T00:00:00;6fa89de9-b1f1-43ab-bb90-285179632602;3d9b5c97-0570-11f0-967e-2c6dc1e036d0;;5;bank;;ВершининДмитрийБорисовичИП;ЮникредитБанккарта;6fa89de9-b1f1-43ab-bb90-285179632602;3d9b5c97-0570-11f0-967e-2c6dc1e036d0;;;ЛОЖЬ;2;2025-08-14
1121762,36;0;51199,13;1070563,23;1;1;2025-08-14T00:00:00;b88862cf-4a1d-11ed-9680-14857fc22c97;f91d0ece-d689-11ef-967e-2c6dc1e036d0;;6;bank;;ДемаринаЛ.А.ИП;;;b88862cf-4a1d-11ed-9680-14857fc22c97;;;ИСТИНА;1;2025-08-14
59215,6;0;0;59215,6;1;2;2025-08-14T00:00:00;b88862cf-4a1d-11ed-9680-14857fc22c97;f91d0ece-d689-11ef-967e-2c6dc1e036d0;;7;bank;;ДемаринаЛ.А.ИП;Альфа-банк;b88862cf-4a1d-11ed-9680-14857fc22c97;f91d0ece-d689-11ef-967e-2c6dc1e036d0;;;ЛОЖЬ;2;2025-08-14
33806,2;0;0;33806,2;1;2;2025-08-14T00:00:00;b88862cf-4a1d-11ed-9680-14857fc22c97;e0af7d23-d0c8-11ef-967e-2c6dc1e036d0;;8;bank;;ДемаринаЛ.А.ИП;НБД;b88862cf-4a1d-11ed-9680-14857fc22c97;e0af7d23-d0c8-11ef-967e-2c6dc1e036d0;;;ЛОЖЬ;2;2025-08-14
440845,96;0;27466,23;413379,73;1;2;2025-08-14T00:00:00;b88862cf-4a1d-11ed-9680-14857fc22c97;e0af7d20-d0c8-11ef-967e-2c6dc1e036d0;;9;bank;;ДемаринаЛ.А.ИП;Сбербанк;b88862cf-4a1d-11ed-9680-14857fc22c97;e0af7d20-d0c8-11ef-967e-2c6dc1e036d0;;;ЛОЖЬ;2;2025-08-14
0;0;27466,23;0;1;3;2025-08-14T00:00:00;b88862cf-4a1d-11ed-9680-14857fc22c97;e0af7d20-d0c8-11ef-967e-2c6dc1e036d0;3c703ae9-486e-11ed-967d-14857fc22c97;10;bank;;ДемаринаЛ.А.ИП;Сбербанк;e0af7d20-d0c8-11ef-967e-2c6dc1e036d0;3c703ae9-486e-11ed-967d-14857fc22c97;3.4.1.Оплататрудаадминистративно-хозяйственногоперсонала;;ЛОЖЬ;3;2025-08-14
587894,6;0;23732,9;564161,7;1;2;2025-08-14T00:00:00;b88862cf-4a1d-11ed-9680-14857fc22c97;6c221ece-0ed2-11f0-967e-2c6dc1e036d0;;11;bank;;ДемаринаЛ.А.ИП;ЮникредитБанк;b88862cf-4a1d-11ed-9680-14857fc22c97;6c221ece-0ed2-11f0-967e-2c6dc1e036d0;;;ЛОЖЬ;2;2025-08-14
0;0;25;0;1;3;2025-08-14T00:00:00;b88862cf-4a1d-11ed-9680-14857fc22c97;6c221ece-0ed2-11f0-967e-2c6dc1e036d0;495fafa8-d68b-11ef-967e-2c6dc1e036d0;12;bank;;ДемаринаЛ.А.ИП;ЮникредитБанк;6c221ece-0ed2-11f0-967e-2c6dc1e036d0;495fafa8-d68b-11ef-967e-2c6dc1e036d0;3.10.1.Расчетно-кассовоеобслуживание;;ЛОЖЬ;3;2025-08-14
0;0;23707,9;0;1;3;2025-08-14T00:00:00;b88862cf-4a1d-11ed-9680-14857fc22c97;6c221ece-0ed2-11f0-967e-2c6dc1e036d0;e6f83c33-e3d5-11ef-967e-2c6dc1e036d0;13;bank;;ДемаринаЛ.А.ИП;ЮникредитБанк;6c221ece-0ed2-11f0-967e-2c6dc1e036d0;e6f83c33-e3d5-11ef-967e-2c6dc1e036d0;3.2.1.Оплатажилищно-коммунальныхуслуг;;ЛОЖЬ;3;2025-08-14
3615433,72;557546,19;439483,27;3733496,64;1;1;2025-08-14T00:00:00;1dd09d43-2c12-4942-934c-a0fbe3951c50;4524ee12-d0c9-11ef-967e-2c6dc1e036d0;;14;bank;;Маркова-ДорейЮ.В.ИП;;;1dd09d43-2c12-4942-934c-a0fbe3951c50;;;ИСТИНА;1;2025-08-14
1094684,54;0;252591,4;842093,14;1;2;2025-08-14T00:00:00;1dd09d43-2c12-4942-934c-a0fbe3951c50;992c7c7f-2a4e-11f0-967e-2c6dc1e036d0;;15;bank;;Маркова-ДорейЮ.В.ИП;Альфа-банк;1dd09d43-2c12-4942-934c-a0fbe3951c50;992c7c7f-2a4e-11f0-967e-2c6dc1e036d0;;;ЛОЖЬ;2;2025-08-14
0;0;250000;0;1;3;2025-08-14T00:00:00;1dd09d43-2c12-4942-934c-a0fbe3951c50;992c7c7f-2a4e-11f0-967e-2c6dc1e036d0;227a715a-e46d-11ef-967e-2c6dc1e036d0;16;bank;;Маркова-ДорейЮ.В.ИП;Альфа-банк;992c7c7f-2a4e-11f0-967e-2c6dc1e036d0;227a715a-e46d-11ef-967e-2c6dc1e036d0;2.1.1.Оплатапофактузатоварыиосновныематериалы;;ЛОЖЬ;3;2025-08-14
0;0;2591,4;0;1;3;2025-08-14T00:00:00;1dd09d43-2c12-4942-934c-a0fbe3951c50;992c7c7f-2a4e-11f0-967e-2c6dc1e036d0;031b0b4d-6c54-11f0-967e-2c6dc1e036d0;17;bank;;Маркова-ДорейЮ.В.ИП;Альфа-банк;992c7c7f-2a4e-11f0-967e-2c6dc1e036d0;031b0b4d-6c54-11f0-967e-2c6dc1e036d0;3.1.4.ВозмещениеЖКУидругихзатратсобственникампомещений;;ЛОЖЬ;3;2025-08-14
217812,44;0;0;217812,44;1;2;2025-08-14T00:00:00;1dd09d43-2c12-4942-934c-a0fbe3951c50;4524ee13-d0c9-11ef-967e-2c6dc1e036d0;;18;bank;;Маркова-ДорейЮ.В.ИП;НБД;1dd09d43-2c12-4942-934c-a0fbe3951c50;4524ee13-d0c9-11ef-967e-2c6dc1e036d0;;;ЛОЖЬ;2;2025-08-14
72095,21;18812;10826,4;80080,81;1;2;2025-08-14T00:00:00;1dd09d43-2c12-4942-934c-a0fbe3951c50;ac36948b-f36b-11ef-967e-2c6dc1e036d0;;19;bank;;Маркова-ДорейЮ.В.ИП;Райффайзенбанк;1dd09d43-2c12-4942-934c-a0fbe3951c50;ac36948b-f36b-11ef-967e-2c6dc1e036d0;;;ЛОЖЬ;2;2025-08-14
0;18812;0;0;1;3;2025-08-14T00:00:00;1dd09d43-2c12-4942-934c-a0fbe3951c50;ac36948b-f36b-11ef-967e-2c6dc1e036d0;e6f83c52-e3d5-11ef-967e-2c6dc1e036d0;20;bank;;Маркова-ДорейЮ.В.ИП;Райффайзенбанк;ac36948b-f36b-11ef-967e-2c6dc1e036d0;e6f83c52-e3d5-11ef-967e-2c6dc1e036d0;1.1.Поступленияпоосновнойдеятельности;;ЛОЖЬ;3;2025-08-14
0;0;2858,38;0;1;3;2025-08-14T00:00:00;1dd09d43-2c12-4942-934c-a0fbe3951c50;ac36948b-f36b-11ef-967e-2c6dc1e036d0;0f826008-eabc-11ef-967e-2c6dc1e036d0;21;bank;;Маркова-ДорейЮ.В.ИП;Райффайзенбанк;ac36948b-f36b-11ef-967e-2c6dc1e036d0;0f826008-eabc-11ef-967e-2c6dc1e036d0;2.1.2.Авансызатоварыиосновныематериалы;;ЛОЖЬ;3;2025-08-14
0;0;348,02;0;1;3;2025-08-14T00:00:00;1dd09d43-2c12-4942-934c-a0fbe3951c50;ac36948b-f36b-11ef-967e-2c6dc1e036d0;495fafa8-d68b-11ef-967e-2c6dc1e036d0;22;bank;;Маркова-ДорейЮ.В.ИП;Райффайзенбанк;ac36948b-f36b-11ef-967e-2c6dc1e036d0;495fafa8-d68b-11ef-967e-2c6dc1e036d0;3.10.1.Расчетно-кассовоеобслуживание;;ЛОЖЬ;3;2025-08-14
0;0;7620;0;1;3;2025-08-14T00:00:00;1dd09d43-2c12-4942-934c-a0fbe3951c50;ac36948b-f36b-11ef-967e-2c6dc1e036d0;3146a00d-e46d-11ef-967e-2c6dc1e036d0;23;bank;;Маркова-ДорейЮ.В.ИП;Райффайзенбанк;ac36948b-f36b-11ef-967e-2c6dc1e036d0;3146a00d-e46d-11ef-967e-2c6dc1e036d0;3.2.2.Охранапомещений;;ЛОЖЬ;3;2025-08-14
2230841,37;538734,19;176065,47;2593510,09;1;2;2025-08-14T00:00:00;1dd09d43-2c12-4942-934c-a0fbe3951c50;4524ee12-d0c9-11ef-967e-2c6dc1e036d0;;24;bank;;Маркова-ДорейЮ.В.ИП;Сбербанк;1dd09d43-2c12-4942-934c-a0fbe3951c50;4524ee12-d0c9-11ef-967e-2c6dc1e036d0;;;ЛОЖЬ;2;2025-08-14
0;538734,19;0;0;1;3;2025-08-14T00:00:00;1dd09d43-2c12-4942-934c-a0fbe3951c50;4524ee12-d0c9-11ef-967e-2c6dc1e036d0;e6f83c52-e3d5-11ef-967e-2c6dc1e036d0;25;bank;;Маркова-ДорейЮ.В.ИП;Сбербанк;4524ee12-d0c9-11ef-967e-2c6dc1e036d0;e6f83c52-e3d5-11ef-967e-2c6dc1e036d0;1.1.Поступленияпоосновнойдеятельности;;ЛОЖЬ;3;2025-08-14
0;0;27708;0;1;3;2025-08-14T00:00:00;1dd09d43-2c12-4942-934c-a0fbe3951c50;4524ee12-d0c9-11ef-967e-2c6dc1e036d0;227a715a-e46d-11ef-967e-2c6dc1e036d0;26;bank;;Маркова-ДорейЮ.В.ИП;Сбербанк;4524ee12-d0c9-11ef-967e-2c6dc1e036d0;227a715a-e46d-11ef-967e-2c6dc1e036d0;2.1.1.Оплатапофактузатоварыиосновныематериалы;;ЛОЖЬ;3;2025-08-14
0;0;61599,5;0;1;3;2025-08-14T00:00:00;1dd09d43-2c12-4942-934c-a0fbe3951c50;4524ee12-d0c9-11ef-967e-2c6dc1e036d0;0f826008-eabc-11ef-967e-2c6dc1e036d0;27;bank;;Маркова-ДорейЮ.В.ИП;Сбербанк;4524ee12-d0c9-11ef-967e-2c6dc1e036d0;0f826008-eabc-11ef-967e-2c6dc1e036d0;2.1.2.Авансызатоварыиосновныематериалы;;ЛОЖЬ;3;2025-08-14
0;0;1971;0;1;3;2025-08-14T00:00:00;1dd09d43-2c12-4942-934c-a0fbe3951c50;4524ee12-d0c9-11ef-967e-2c6dc1e036d0;4931e8f1-486e-11ed-967d-14857fc22c97;28;bank;;Маркова-ДорейЮ.В.ИП;Сбербанк;4524ee12-d0c9-11ef-967e-2c6dc1e036d0;4931e8f1-486e-11ed-967d-14857fc22c97;2.1.5.Транспортныерасходы(поступлениеТМЦ);;ЛОЖЬ;3;2025-08-14
0;0;24728,94;0;1;3;2025-08-14T00:00:00;1dd09d43-2c12-4942-934c-a0fbe3951c50;4524ee12-d0c9-11ef-967e-2c6dc1e036d0;3c703ae4-486e-11ed-967d-14857fc22c97;29;bank;;Маркова-ДорейЮ.В.ИП;Сбербанк;4524ee12-d0c9-11ef-967e-2c6dc1e036d0;3c703ae4-486e-11ed-967d-14857fc22c97;2.2.1.Оплататрудаосновногоперсонала(постоянная);;ЛОЖЬ;3;2025-08-14
0;0;48314,78;0;1;3;2025-08-14T00:00:00;1dd09d43-2c12-4942-934c-a0fbe3951c50;4524ee12-d0c9-11ef-967e-2c6dc1e036d0;3c703ae9-486e-11ed-967d-14857fc22c97;30;bank;;Маркова-ДорейЮ.В.ИП;Сбербанк;4524ee12-d0c9-11ef-967e-2c6dc1e036d0;3c703ae9-486e-11ed-967d-14857fc22c97;3.4.1.Оплататрудаадминистративно-хозяйственногоперсонала;;ЛОЖЬ;3;2025-08-14
0;0;6821,25;0;1;3;2025-08-14T00:00:00;1dd09d43-2c12-4942-934c-a0fbe3951c50;4524ee12-d0c9-11ef-967e-2c6dc1e036d0;5743e29e-f4ce-11ef-967e-2c6dc1e036d0;31;bank;;Маркова-ДорейЮ.В.ИП;Сбербанк;4524ee12-d0c9-11ef-967e-2c6dc1e036d0;5743e29e-f4ce-11ef-967e-2c6dc1e036d0;3.6.11.Закупкамебели,бытовойтехники,хоз.инвентаря;;ЛОЖЬ;3;2025-08-14
0;0;3622;0;1;3;2025-08-14T00:00:00;1dd09d43-2c12-4942-934c-a0fbe3951c50;4524ee12-d0c9-11ef-967e-2c6dc1e036d0;420db9f7-e46d-11ef-967e-2c6dc1e036d0;32;bank;;Маркова-ДорейЮ.В.ИП;Сбербанк;4524ee12-d0c9-11ef-967e-2c6dc1e036d0;420db9f7-e46d-11ef-967e-2c6dc1e036d0;3.6.3.Хозрасходы;;ЛОЖЬ;3;2025-08-14
0;0;1300;0;1;3;2025-08-14T00:00:00;1dd09d43-2c12-4942-934c-a0fbe3951c50;4524ee12-d0c9-11ef-967e-2c6dc1e036d0;d3875de5-d0d2-11ef-967e-2c6dc1e036d0;33;bank;;Маркова-ДорейЮ.В.ИП;Сбербанк;4524ee12-d0c9-11ef-967e-2c6dc1e036d0;d3875de5-d0d2-11ef-967e-2c6dc1e036d0;3.8.3.ОбслуживаниеПК,офиснойоргтехникиисредствсвязи;;ЛОЖЬ;3;2025-08-14
0,16;0;0;0,16;1;2;2025-08-14T00:00:00;1dd09d43-2c12-4942-934c-a0fbe3951c50;4524ee14-d0c9-11ef-967e-2c6dc1e036d0;;34;bank;;Маркова-ДорейЮ.В.ИП;СбербанкСпецсчет/Самоинкассация;1dd09d43-2c12-4942-934c-a0fbe3951c50;4524ee14-d0c9-11ef-967e-2c6dc1e036d0;;;ЛОЖЬ;2;2025-08-14
124118,41;0;0;124118,41;1;1;2025-08-14T00:00:00;e6ab6cae-9a8b-4e75-b7c4-2c5e0c49cc6a;2648665b-0bcd-11f0-967e-2c6dc1e036d0;;35;bank;;МартиловАлексейВалерьевичИП;;;e6ab6cae-9a8b-4e75-b7c4-2c5e0c49cc6a;;;ИСТИНА;1;2025-08-14
52975,99;0;0;52975,99;1;2;2025-08-14T00:00:00;e6ab6cae-9a8b-4e75-b7c4-2c5e0c49cc6a;85878fed-0bcd-11f0-967e-2c6dc1e036d0;;36;bank;;МартиловАлексейВалерьевичИП;Альфа-банк;e6ab6cae-9a8b-4e75-b7c4-2c5e0c49cc6a;85878fed-0bcd-11f0-967e-2c6dc1e036d0;;;ЛОЖЬ;2;2025-08-14
71142,42;0;0;71142,42;1;2;2025-08-14T00:00:00;e6ab6cae-9a8b-4e75-b7c4-2c5e0c49cc6a;2648665b-0bcd-11f0-967e-2c6dc1e036d0;;37;bank;;МартиловАлексейВалерьевичИП;Сбербанк;e6ab6cae-9a8b-4e75-b7c4-2c5e0c49cc6a;2648665b-0bcd-11f0-967e-2c6dc1e036d0;;;ЛОЖЬ;2;2025-08-14
362348,61;0;0;362348,61;1;1;2025-08-14T00:00:00;9290ade5-f2ba-471e-8d05-ad2c4e0060e4;eb535905-0bcd-11f0-967e-2c6dc1e036d0;;38;bank;;МорозовИгорьВалерьевичИП;;;9290ade5-f2ba-471e-8d05-ad2c4e0060e4;;;ИСТИНА;1;2025-08-14
288077,77;0;0;288077,77;1;2;2025-08-14T00:00:00;9290ade5-f2ba-471e-8d05-ad2c4e0060e4;45c3a46c-0bd7-11f0-967e-2c6dc1e036d0;;39;bank;;МорозовИгорьВалерьевичИП;Альфа-банк;9290ade5-f2ba-471e-8d05-ad2c4e0060e4;45c3a46c-0bd7-11f0-967e-2c6dc1e036d0;;;ЛОЖЬ;2;2025-08-14
74270,84;0;0;74270,84;1;2;2025-08-14T00:00:00;9290ade5-f2ba-471e-8d05-ad2c4e0060e4;eb535905-0bcd-11f0-967e-2c6dc1e036d0;;40;bank;;МорозовИгорьВалерьевичИП;Промсвязьбанк;9290ade5-f2ba-471e-8d05-ad2c4e0060e4;eb535905-0bcd-11f0-967e-2c6dc1e036d0;;;ЛОЖЬ;2;2025-08-14
1520344,82;996336,64;1847905,46;668776;1;1;2025-08-14T00:00:00;0d5c1a45-7a3d-4db6-af5c-e6f388e42525;0de5ff14-d0c9-11ef-967e-2c6dc1e036d0;;41;bank;;"ООО""ОРТОБУМ""";;;0d5c1a45-7a3d-4db6-af5c-e6f388e42525;;;ИСТИНА;1;2025-08-14
1239945,31;860007,5;1670012,39;429940,42;1;2;2025-08-14T00:00:00;0d5c1a45-7a3d-4db6-af5c-e6f388e42525;495fafa7-d68b-11ef-967e-2c6dc1e036d0;;42;bank;;"ООО""ОРТОБУМ""";Альфа-банк;0d5c1a45-7a3d-4db6-af5c-e6f388e42525;495fafa7-d68b-11ef-967e-2c6dc1e036d0;;;ЛОЖЬ;2;2025-08-14
0;860007,5;0;0;1;3;2025-08-14T00:00:00;0d5c1a45-7a3d-4db6-af5c-e6f388e42525;495fafa7-d68b-11ef-967e-2c6dc1e036d0;e6f83c52-e3d5-11ef-967e-2c6dc1e036d0;43;bank;;"ООО""ОРТОБУМ""";Альфа-банк;495fafa7-d68b-11ef-967e-2c6dc1e036d0;e6f83c52-e3d5-11ef-967e-2c6dc1e036d0;1.1.Поступленияпоосновнойдеятельности;;ЛОЖЬ;3;2025-08-14
0;0;90345;0;1;3;2025-08-14T00:00:00;0d5c1a45-7a3d-4db6-af5c-e6f388e42525;495fafa7-d68b-11ef-967e-2c6dc1e036d0;01e49415-d68a-11ef-967e-2c6dc1e036d0;44;bank;;"ООО""ОРТОБУМ""";Альфа-банк;495fafa7-d68b-11ef-967e-2c6dc1e036d0;01e49415-d68a-11ef-967e-2c6dc1e036d0;3.2.6.Хозяйственноеобслуживаниетерриторий,помещений,коммуникаций;;ЛОЖЬ;3;2025-08-14
0;0;1539667,39;0;1;3;2025-08-14T00:00:00;0d5c1a45-7a3d-4db6-af5c-e6f388e42525;495fafa7-d68b-11ef-967e-2c6dc1e036d0;b062c958-f279-11ef-967e-2c6dc1e036d0;45;bank;;"ООО""ОРТОБУМ""";Альфа-банк;495fafa7-d68b-11ef-967e-2c6dc1e036d0;b062c958-f279-11ef-967e-2c6dc1e036d0;3.2.7.Ремонтпомещений;;ЛОЖЬ;3;2025-08-14
0;0;10000;0;1;3;2025-08-14T00:00:00;0d5c1a45-7a3d-4db6-af5c-e6f388e42525;495fafa7-d68b-11ef-967e-2c6dc1e036d0;f02f67b7-e3d5-11ef-967e-2c6dc1e036d0;46;bank;;"ООО""ОРТОБУМ""";Альфа-банк;495fafa7-d68b-11ef-967e-2c6dc1e036d0;f02f67b7-e3d5-11ef-967e-2c6dc1e036d0;3.4.8.Расходынаподборперсонала;;ЛОЖЬ;3;2025-08-14
0;0;30000;0;1;3;2025-08-14T00:00:00;0d5c1a45-7a3d-4db6-af5c-e6f388e42525;495fafa7-d68b-11ef-967e-2c6dc1e036d0;8f210efd-5870-11ed-9681-14857fc22c97;47;bank;;"ООО""ОРТОБУМ""";Альфа-банк;495fafa7-d68b-11ef-967e-2c6dc1e036d0;8f210efd-5870-11ed-9681-14857fc22c97;3.5.9.РасходынапродвижениепродажвсетиИнтернет;;ЛОЖЬ;3;2025-08-14
5000;0;0;5000;1;2;2025-08-14T00:00:00;0d5c1a45-7a3d-4db6-af5c-e6f388e42525;cf2702db-2011-11f0-967e-2c6dc1e036d0;;48;bank;;"ООО""ОРТОБУМ""";ОТП-банк;0d5c1a45-7a3d-4db6-af5c-e6f388e42525;cf2702db-2011-11f0-967e-2c6dc1e036d0;;;ЛОЖЬ;2;2025-08-14
2257,29;0;0;2257,29;1;2;2025-08-14T00:00:00;0d5c1a45-7a3d-4db6-af5c-e6f388e42525;e6f83c6c-e3d5-11ef-967e-2c6dc1e036d0;;49;bank;;"ООО""ОРТОБУМ""";Райффайзенбанк;0d5c1a45-7a3d-4db6-af5c-e6f388e42525;e6f83c6c-e3d5-11ef-967e-2c6dc1e036d0;;;ЛОЖЬ;2;2025-08-14
-860688,17;136329,14;131489,98;-855849,01;1;2;2025-08-14T00:00:00;0d5c1a45-7a3d-4db6-af5c-e6f388e42525;0de5ff14-d0c9-11ef-967e-2c6dc1e036d0;;50;bank;;"ООО""ОРТОБУМ""";Сбербанк8303;0d5c1a45-7a3d-4db6-af5c-e6f388e42525;0de5ff14-d0c9-11ef-967e-2c6dc1e036d0;;;ЛОЖЬ;2;2025-08-14
0;136329,14;0;0;1;3;2025-08-14T00:00:00;0d5c1a45-7a3d-4db6-af5c-e6f388e42525;0de5ff14-d0c9-11ef-967e-2c6dc1e036d0;e6f83c52-e3d5-11ef-967e-2c6dc1e036d0;51;bank;;"ООО""ОРТОБУМ""";Сбербанк8303;0de5ff14-d0c9-11ef-967e-2c6dc1e036d0;e6f83c52-e3d5-11ef-967e-2c6dc1e036d0;1.1.Поступленияпоосновнойдеятельности;;ЛОЖЬ;3;2025-08-14
0;0;292,55;0;1;3;2025-08-14T00:00:00;0d5c1a45-7a3d-4db6-af5c-e6f388e42525;0de5ff14-d0c9-11ef-967e-2c6dc1e036d0;495fafa8-d68b-11ef-967e-2c6dc1e036d0;52;bank;;"ООО""ОРТОБУМ""";Сбербанк8303;0de5ff14-d0c9-11ef-967e-2c6dc1e036d0;495fafa8-d68b-11ef-967e-2c6dc1e036d0;3.10.1.Расчетно-кассовоеобслуживание;;ЛОЖЬ;3;2025-08-14
0;0;119495,43;0;1;3;2025-08-14T00:00:00;0d5c1a45-7a3d-4db6-af5c-e6f388e42525;0de5ff14-d0c9-11ef-967e-2c6dc1e036d0;3c703ae9-486e-11ed-967d-14857fc22c97;53;bank;;"ООО""ОРТОБУМ""";Сбербанк8303;0de5ff14-d0c9-11ef-967e-2c6dc1e036d0;3c703ae9-486e-11ed-967d-14857fc22c97;3.4.1.Оплататрудаадминистративно-хозяйственногоперсонала;;ЛОЖЬ;3;2025-08-14
0;0;11702;0;1;3;2025-08-14T00:00:00;0d5c1a45-7a3d-4db6-af5c-e6f388e42525;0de5ff14-d0c9-11ef-967e-2c6dc1e036d0;901fdbc6-2a49-11f0-967e-2c6dc1e036d0;54;bank;;"ООО""ОРТОБУМ""";Сбербанк8303;0de5ff14-d0c9-11ef-967e-2c6dc1e036d0;901fdbc6-2a49-11f0-967e-2c6dc1e036d0;3.5.13.ОплатазауслугиФЛ(лекторы,промоутерыитп);;ЛОЖЬ;3;2025-08-14
1000000;0;0;1000000;1;2;2025-08-14T00:00:00;0d5c1a45-7a3d-4db6-af5c-e6f388e42525;090a4ddb-6dcc-11f0-967e-2c6dc1e036d0;;55;bank;;"ООО""ОРТОБУМ""";Сбербанк8303;0d5c1a45-7a3d-4db6-af5c-e6f388e42525;090a4ddb-6dcc-11f0-967e-2c6dc1e036d0;;;ЛОЖЬ;2;2025-08-14
8002,3;0;0;8002,3;1;2;2025-08-14T00:00:00;0d5c1a45-7a3d-4db6-af5c-e6f388e42525;e6f83c5a-e3d5-11ef-967e-2c6dc1e036d0;;56;bank;;"ООО""ОРТОБУМ""";Сбербанк9561;0d5c1a45-7a3d-4db6-af5c-e6f388e42525;e6f83c5a-e3d5-11ef-967e-2c6dc1e036d0;;;ЛОЖЬ;2;2025-08-14
125828,09;0;46403,09;79425;1;2;2025-08-14T00:00:00;0d5c1a45-7a3d-4db6-af5c-e6f388e42525;0de5ff15-d0c9-11ef-967e-2c6dc1e036d0;;57;bank;;"ООО""ОРТОБУМ""";ЮникредитБанк;0d5c1a45-7a3d-4db6-af5c-e6f388e42525;0de5ff15-d0c9-11ef-967e-2c6dc1e036d0;;;ЛОЖЬ;2;2025-08-14
0;0;46403,09;0;1;3;2025-08-14T00:00:00;0d5c1a45-7a3d-4db6-af5c-e6f388e42525;0de5ff15-d0c9-11ef-967e-2c6dc1e036d0;fda75e0f-e3d5-11ef-967e-2c6dc1e036d0;58;bank;;"ООО""ОРТОБУМ""";ЮникредитБанк;0de5ff15-d0c9-11ef-967e-2c6dc1e036d0;fda75e0f-e3d5-11ef-967e-2c6dc1e036d0;3.10.2.Сопровождениевалютныхопераций;;ЛОЖЬ;3;2025-08-14
6548090,98;5903797,28;6241090,49;6210797,77;1;1;2025-08-14T00:00:00;fb8866db-d698-4532-95b8-4a87a2304414;852128c1-d0cb-11ef-967e-2c6dc1e036d0;3c703ae9-486e-11ed-967d-14857fc22c97;59;bank;;"ООО""ЦПО""";;;fb8866db-d698-4532-95b8-4a87a2304414;;;ИСТИНА;1;2025-08-14
5059614,2;2958911,21;3498337,8;4520187,61;1;2;2025-08-14T00:00:00;fb8866db-d698-4532-95b8-4a87a2304414;852128c8-d0cb-11ef-967e-2c6dc1e036d0;;60;bank;;"ООО""ЦПО""";Альфа-банк;fb8866db-d698-4532-95b8-4a87a2304414;852128c8-d0cb-11ef-967e-2c6dc1e036d0;;;ЛОЖЬ;2;2025-08-14
0;458911,21;0;0;1;3;2025-08-14T00:00:00;fb8866db-d698-4532-95b8-4a87a2304414;852128c8-d0cb-11ef-967e-2c6dc1e036d0;e6f83c52-e3d5-11ef-967e-2c6dc1e036d0;61;bank;;"ООО""ЦПО""";Альфа-банк;852128c8-d0cb-11ef-967e-2c6dc1e036d0;e6f83c52-e3d5-11ef-967e-2c6dc1e036d0;1.1.Поступленияпоосновнойдеятельности;;ЛОЖЬ;3;2025-08-14
0;0;3200047;0;1;3;2025-08-14T00:00:00;fb8866db-d698-4532-95b8-4a87a2304414;852128c8-d0cb-11ef-967e-2c6dc1e036d0;227a715a-e46d-11ef-967e-2c6dc1e036d0;62;bank;;"ООО""ЦПО""";Альфа-банк;852128c8-d0cb-11ef-967e-2c6dc1e036d0;227a715a-e46d-11ef-967e-2c6dc1e036d0;2.1.1.Оплатапофактузатоварыиосновныематериалы;;ЛОЖЬ;3;2025-08-14
0;0;240517,8;0;1;3;2025-08-14T00:00:00;fb8866db-d698-4532-95b8-4a87a2304414;852128c8-d0cb-11ef-967e-2c6dc1e036d0;0f826008-eabc-11ef-967e-2c6dc1e036d0;63;bank;;"ООО""ЦПО""";Альфа-банк;852128c8-d0cb-11ef-967e-2c6dc1e036d0;0f826008-eabc-11ef-967e-2c6dc1e036d0;2.1.2.Авансызатоварыиосновныематериалы;;ЛОЖЬ;3;2025-08-14
0;0;1043;0;1;3;2025-08-14T00:00:00;fb8866db-d698-4532-95b8-4a87a2304414;852128c8-d0cb-11ef-967e-2c6dc1e036d0;495fafa8-d68b-11ef-967e-2c6dc1e036d0;64;bank;;"ООО""ЦПО""";Альфа-банк;852128c8-d0cb-11ef-967e-2c6dc1e036d0;495fafa8-d68b-11ef-967e-2c6dc1e036d0;3.10.1.Расчетно-кассовоеобслуживание;;ЛОЖЬ;3;2025-08-14
0;0;8000;0;1;3;2025-08-14T00:00:00;fb8866db-d698-4532-95b8-4a87a2304414;852128c8-d0cb-11ef-967e-2c6dc1e036d0;e6f83c31-e3d5-11ef-967e-2c6dc1e036d0;65;bank;;"ООО""ЦПО""";Альфа-банк;852128c8-d0cb-11ef-967e-2c6dc1e036d0;e6f83c31-e3d5-11ef-967e-2c6dc1e036d0;3.2.3.Телефония(стационарная);;ЛОЖЬ;3;2025-08-14
0;0;15000;0;1;3;2025-08-14T00:00:00;fb8866db-d698-4532-95b8-4a87a2304414;852128c8-d0cb-11ef-967e-2c6dc1e036d0;01e49415-d68a-11ef-967e-2c6dc1e036d0;66;bank;;"ООО""ЦПО""";Альфа-банк;852128c8-d0cb-11ef-967e-2c6dc1e036d0;01e49415-d68a-11ef-967e-2c6dc1e036d0;3.2.6.Хозяйственноеобслуживаниетерриторий,помещений,коммуникаций;;ЛОЖЬ;3;2025-08-14
0;0;27800;0;1;3;2025-08-14T00:00:00;fb8866db-d698-4532-95b8-4a87a2304414;852128c8-d0cb-11ef-967e-2c6dc1e036d0;c848df2c-eafb-11ef-967e-2c6dc1e036d0;67;bank;;"ООО""ЦПО""";Альфа-банк;852128c8-d0cb-11ef-967e-2c6dc1e036d0;c848df2c-eafb-11ef-967e-2c6dc1e036d0;3.2.7.1.Ремонтпомещений(офис);;ЛОЖЬ;3;2025-08-14
0;0;2000;0;1;3;2025-08-14T00:00:00;fb8866db-d698-4532-95b8-4a87a2304414;852128c8-d0cb-11ef-967e-2c6dc1e036d0;4931e8f9-486e-11ed-967d-14857fc22c97;68;bank;;"ООО""ЦПО""";Альфа-банк;852128c8-d0cb-11ef-967e-2c6dc1e036d0;4931e8f9-486e-11ed-967d-14857fc22c97;3.3.1.Ремонтоборудования;;ЛОЖЬ;3;2025-08-14
0;0;3930;0;1;3;2025-08-14T00:00:00;fb8866db-d698-4532-95b8-4a87a2304414;852128c8-d0cb-11ef-967e-2c6dc1e036d0;f02f67b7-e3d5-11ef-967e-2c6dc1e036d0;69;bank;;"ООО""ЦПО""";Альфа-банк;852128c8-d0cb-11ef-967e-2c6dc1e036d0;f02f67b7-e3d5-11ef-967e-2c6dc1e036d0;3.4.8.Расходынаподборперсонала;;ЛОЖЬ;3;2025-08-14
0;2500000;0;0;1;3;2025-08-14T00:00:00;fb8866db-d698-4532-95b8-4a87a2304414;852128c8-d0cb-11ef-967e-2c6dc1e036d0;09c4231d-d68a-11ef-967e-2c6dc1e036d0;70;bank;;"ООО""ЦПО""";Альфа-банк;852128c8-d0cb-11ef-967e-2c6dc1e036d0;09c4231d-d68a-11ef-967e-2c6dc1e036d0;Перечислениеденежныхсредствнасчет;;ЛОЖЬ;3;2025-08-14
1249,92;0;0;1249,92;1;2;2025-08-14T00:00:00;fb8866db-d698-4532-95b8-4a87a2304414;ed4579a8-0e60-11f0-967e-2c6dc1e036d0;;71;bank;;"ООО""ЦПО""";ОТПБанк;fb8866db-d698-4532-95b8-4a87a2304414;ed4579a8-0e60-11f0-967e-2c6dc1e036d0;;;ЛОЖЬ;2;2025-08-14
621209,77;2944886,07;2645164,45;920931,39;1;2;2025-08-14T00:00:00;fb8866db-d698-4532-95b8-4a87a2304414;852128bf-d0cb-11ef-967e-2c6dc1e036d0;;72;bank;;"ООО""ЦПО""";Сбербанк;fb8866db-d698-4532-95b8-4a87a2304414;852128bf-d0cb-11ef-967e-2c6dc1e036d0;;;ЛОЖЬ;2;2025-08-14
0;2944886,07;0;0;1;3;2025-08-14T00:00:00;fb8866db-d698-4532-95b8-4a87a2304414;852128bf-d0cb-11ef-967e-2c6dc1e036d0;e6f83c52-e3d5-11ef-967e-2c6dc1e036d0;73;bank;;"ООО""ЦПО""";Сбербанк;852128bf-d0cb-11ef-967e-2c6dc1e036d0;e6f83c52-e3d5-11ef-967e-2c6dc1e036d0;1.1.Поступленияпоосновнойдеятельности;;ЛОЖЬ;3;2025-08-14
0;0;82763,14;0;1;3;2025-08-14T00:00:00;fb8866db-d698-4532-95b8-4a87a2304414;852128bf-d0cb-11ef-967e-2c6dc1e036d0;3c703ae4-486e-11ed-967d-14857fc22c97;74;bank;;"ООО""ЦПО""";Сбербанк;852128bf-d0cb-11ef-967e-2c6dc1e036d0;3c703ae4-486e-11ed-967d-14857fc22c97;2.2.1.Оплататрудаосновногоперсонала(постоянная);;ЛОЖЬ;3;2025-08-14
0;0;43998;0;1;3;2025-08-14T00:00:00;fb8866db-d698-4532-95b8-4a87a2304414;852128bf-d0cb-11ef-967e-2c6dc1e036d0;495fafa8-d68b-11ef-967e-2c6dc1e036d0;75;bank;;"ООО""ЦПО""";Сбербанк;852128bf-d0cb-11ef-967e-2c6dc1e036d0;495fafa8-d68b-11ef-967e-2c6dc1e036d0;3.10.1.Расчетно-кассовоеобслуживание;;ЛОЖЬ;3;2025-08-14
0;0;17297,31;0;1;3;2025-08-14T00:00:00;fb8866db-d698-4532-95b8-4a87a2304414;852128bf-d0cb-11ef-967e-2c6dc1e036d0;3c703ae9-486e-11ed-967d-14857fc22c97;76;bank;;"ООО""ЦПО""";Сбербанк;852128bf-d0cb-11ef-967e-2c6dc1e036d0;3c703ae9-486e-11ed-967d-14857fc22c97;3.4.1.Оплататрудаадминистративно-хозяйственногоперсонала;;ЛОЖЬ;3;2025-08-14
0;0;1106;0;1;3;2025-08-14T00:00:00;fb8866db-d698-4532-95b8-4a87a2304414;852128bf-d0cb-11ef-967e-2c6dc1e036d0;e6f83c37-e3d5-11ef-967e-2c6dc1e036d0;77;bank;;"ООО""ЦПО""";Сбербанк;852128bf-d0cb-11ef-967e-2c6dc1e036d0;e6f83c37-e3d5-11ef-967e-2c6dc1e036d0;3.6.4.Продуктыпитания,питьеваяводаидругиебытовыерасходы;;ЛОЖЬ;3;2025-08-14
0;0;2500000;0;1;3;2025-08-14T00:00:00;fb8866db-d698-4532-95b8-4a87a2304414;852128bf-d0cb-11ef-967e-2c6dc1e036d0;09c4231d-d68a-11ef-967e-2c6dc1e036d0;78;bank;;"ООО""ЦПО""";Сбербанк;852128bf-d0cb-11ef-967e-2c6dc1e036d0;09c4231d-d68a-11ef-967e-2c6dc1e036d0;Перечислениеденежныхсредствнасчет;;ЛОЖЬ;3;2025-08-14
748492,16;0;0;748492,16;1;2;2025-08-14T00:00:00;fb8866db-d698-4532-95b8-4a87a2304414;852128c0-d0cb-11ef-967e-2c6dc1e036d0;;79;bank;;"ООО""ЦПО""";СбербанкСпецсчет;fb8866db-d698-4532-95b8-4a87a2304414;852128c0-d0cb-11ef-967e-2c6dc1e036d0;;;ЛОЖЬ;2;2025-08-14
117524,93;0;97588,24;19936,69;1;2;2025-08-14T00:00:00;fb8866db-d698-4532-95b8-4a87a2304414;852128c1-d0cb-11ef-967e-2c6dc1e036d0;3c703ae9-486e-11ed-967d-14857fc22c97;80;bank;;"ООО""ЦПО""";ЮникредитБанк;fb8866db-d698-4532-95b8-4a87a2304414;852128c1-d0cb-11ef-967e-2c6dc1e036d0;;;ЛОЖЬ;2;2025-08-14
0;0;25;0;1;3;2025-08-14T00:00:00;fb8866db-d698-4532-95b8-4a87a2304414;852128c1-d0cb-11ef-967e-2c6dc1e036d0;495fafa8-d68b-11ef-967e-2c6dc1e036d0;81;bank;;"ООО""ЦПО""";ЮникредитБанк;852128c1-d0cb-11ef-967e-2c6dc1e036d0;495fafa8-d68b-11ef-967e-2c6dc1e036d0;3.10.1.Расчетно-кассовоеобслуживание;;ЛОЖЬ;3;2025-08-14
0;0;97563,24;0;1;3;2025-08-14T00:00:00;fb8866db-d698-4532-95b8-4a87a2304414;852128c1-d0cb-11ef-967e-2c6dc1e036d0;3c703ae9-486e-11ed-967d-14857fc22c97;82;bank;;"ООО""ЦПО""";ЮникредитБанк;852128c1-d0cb-11ef-967e-2c6dc1e036d0;3c703ae9-486e-11ed-967d-14857fc22c97;3.4.1.Оплататрудаадминистративно-хозяйственногоперсонала;;ЛОЖЬ;3;2025-08-14
10321565,07;34890;5085895;5270560,07;1;1;2025-08-14T00:00:00;df20d8a9-eaa5-40fb-8d26-d313c7f63cf1;f5501db2-d0ca-11ef-967e-2c6dc1e036d0;;83;bank;;ПКЮЛИАННАООО;;;df20d8a9-eaa5-40fb-8d26-d313c7f63cf1;;;ИСТИНА;1;2025-08-14
1430013,41;0;0;1430013,41;1;2;2025-08-14T00:00:00;df20d8a9-eaa5-40fb-8d26-d313c7f63cf1;98597a40-5e37-11f0-967e-2c6dc1e036d0;;84;bank;;ПКЮЛИАННАООО;;df20d8a9-eaa5-40fb-8d26-d313c7f63cf1;98597a40-5e37-11f0-967e-2c6dc1e036d0;;;ЛОЖЬ;2;2025-08-14
32544,54;0;0;32544,54;1;2;2025-08-14T00:00:00;df20d8a9-eaa5-40fb-8d26-d313c7f63cf1;d7ad0b66-5aff-11f0-967e-2c6dc1e036d0;;85;bank;;ПКЮЛИАННАООО;;df20d8a9-eaa5-40fb-8d26-d313c7f63cf1;d7ad0b66-5aff-11f0-967e-2c6dc1e036d0;;;ЛОЖЬ;2;2025-08-14
56902,22;0;0;56902,22;1;2;2025-08-14T00:00:00;df20d8a9-eaa5-40fb-8d26-d313c7f63cf1;1ac84aac-eafb-11ef-967e-2c6dc1e036d0;;86;bank;;ПКЮЛИАННАООО;Промсвязьбанк5888;df20d8a9-eaa5-40fb-8d26-d313c7f63cf1;1ac84aac-eafb-11ef-967e-2c6dc1e036d0;;;ЛОЖЬ;2;2025-08-14
-56902,22;0;0;-56902,22;1;2;2025-08-14T00:00:00;df20d8a9-eaa5-40fb-8d26-d313c7f63cf1;de9003e9-258c-11f0-967e-2c6dc1e036d0;;87;bank;;ПКЮЛИАННАООО;Промсвязьбанк5888;df20d8a9-eaa5-40fb-8d26-d313c7f63cf1;de9003e9-258c-11f0-967e-2c6dc1e036d0;;;ЛОЖЬ;2;2025-08-14
49926,62;0;0;49926,62;1;2;2025-08-14T00:00:00;df20d8a9-eaa5-40fb-8d26-d313c7f63cf1;7e334a66-203f-11f0-967e-2c6dc1e036d0;;88;bank;;ПКЮЛИАННАООО;Промсвязьбанк7517;df20d8a9-eaa5-40fb-8d26-d313c7f63cf1;7e334a66-203f-11f0-967e-2c6dc1e036d0;;;ЛОЖЬ;2;2025-08-14
78740,99;0;0;78740,99;1;2;2025-08-14T00:00:00;df20d8a9-eaa5-40fb-8d26-d313c7f63cf1;7e334a90-203f-11f0-967e-2c6dc1e036d0;;89;bank;;ПКЮЛИАННАООО;Промсвязьбанк8702;df20d8a9-eaa5-40fb-8d26-d313c7f63cf1;7e334a90-203f-11f0-967e-2c6dc1e036d0;;;ЛОЖЬ;2;2025-08-14
8730339,51;34890;5085895;3679334,51;1;2;2025-08-14T00:00:00;df20d8a9-eaa5-40fb-8d26-d313c7f63cf1;f5501db2-d0ca-11ef-967e-2c6dc1e036d0;;90;bank;;ПКЮЛИАННАООО;Сбербанк;df20d8a9-eaa5-40fb-8d26-d313c7f63cf1;f5501db2-d0ca-11ef-967e-2c6dc1e036d0;;;ЛОЖЬ;2;2025-08-14
0;19890;0;0;1;3;2025-08-14T00:00:00;df20d8a9-eaa5-40fb-8d26-d313c7f63cf1;f5501db2-d0ca-11ef-967e-2c6dc1e036d0;e6f83c52-e3d5-11ef-967e-2c6dc1e036d0;91;bank;;ПКЮЛИАННАООО;Сбербанк;f5501db2-d0ca-11ef-967e-2c6dc1e036d0;e6f83c52-e3d5-11ef-967e-2c6dc1e036d0;1.1.Поступленияпоосновнойдеятельности;;ЛОЖЬ;3;2025-08-14
0;15000;0;0;1;3;2025-08-14T00:00:00;df20d8a9-eaa5-40fb-8d26-d313c7f63cf1;f5501db2-d0ca-11ef-967e-2c6dc1e036d0;15bda535-eabc-11ef-967e-2c6dc1e036d0;92;bank;;ПКЮЛИАННАООО;Сбербанк;f5501db2-d0ca-11ef-967e-2c6dc1e036d0;15bda535-eabc-11ef-967e-2c6dc1e036d0;1.3.ПоступлениязаарендуикомпенсацияЖКУ;;ЛОЖЬ;3;2025-08-14
0;0;1433;0;1;3;2025-08-14T00:00:00;df20d8a9-eaa5-40fb-8d26-d313c7f63cf1;f5501db2-d0ca-11ef-967e-2c6dc1e036d0;4931e8f1-486e-11ed-967d-14857fc22c97;93;bank;;ПКЮЛИАННАООО;Сбербанк;f5501db2-d0ca-11ef-967e-2c6dc1e036d0;4931e8f1-486e-11ed-967d-14857fc22c97;2.1.5.Транспортныерасходы(поступлениеТМЦ);;ЛОЖЬ;3;2025-08-14
0;0;29560,02;0;1;3;2025-08-14T00:00:00;df20d8a9-eaa5-40fb-8d26-d313c7f63cf1;f5501db2-d0ca-11ef-967e-2c6dc1e036d0;3c703ae4-486e-11ed-967d-14857fc22c97;94;bank;;ПКЮЛИАННАООО;Сбербанк;f5501db2-d0ca-11ef-967e-2c6dc1e036d0;3c703ae4-486e-11ed-967d-14857fc22c97;2.2.1.Оплататрудаосновногоперсонала(постоянная);;ЛОЖЬ;3;2025-08-14
0;0;43921,98;0;1;3;2025-08-14T00:00:00;df20d8a9-eaa5-40fb-8d26-d313c7f63cf1;f5501db2-d0ca-11ef-967e-2c6dc1e036d0;3c703ae9-486e-11ed-967d-14857fc22c97;95;bank;;ПКЮЛИАННАООО;Сбербанк;f5501db2-d0ca-11ef-967e-2c6dc1e036d0;3c703ae9-486e-11ed-967d-14857fc22c97;3.4.1.Оплататрудаадминистративно-хозяйственногоперсонала;;ЛОЖЬ;3;2025-08-14
0;0;10980;0;1;3;2025-08-14T00:00:00;df20d8a9-eaa5-40fb-8d26-d313c7f63cf1;f5501db2-d0ca-11ef-967e-2c6dc1e036d0;e6f83c82-e3d5-11ef-967e-2c6dc1e036d0;96;bank;;ПКЮЛИАННАООО;Сбербанк;f5501db2-d0ca-11ef-967e-2c6dc1e036d0;e6f83c82-e3d5-11ef-967e-2c6dc1e036d0;3.9.1.Налогнадоходыфизическихлиц;;ЛОЖЬ;3;2025-08-14
0;0;5000000;0;1;3;2025-08-14T00:00:00;df20d8a9-eaa5-40fb-8d26-d313c7f63cf1;f5501db2-d0ca-11ef-967e-2c6dc1e036d0;91f75a0b-533c-11f0-967e-2c6dc1e036d0;97;bank;;ПКЮЛИАННАООО;Сбербанк;f5501db2-d0ca-11ef-967e-2c6dc1e036d0;91f75a0b-533c-11f0-967e-2c6dc1e036d0;7.3.Предоставлениезаймоворганизациям;;ЛОЖЬ;3;2025-08-14
550877,75;0;0;550877,75;1;1;2025-08-14T00:00:00;b0c31f78-dd97-4bde-bcb0-4eadb6d4ecab;1ead4184-d0cb-11ef-967e-2c6dc1e036d0;;98;bank;;РусскийстильООО;;;b0c31f78-dd97-4bde-bcb0-4eadb6d4ecab;;;ИСТИНА;1;2025-08-14
13140,98;0;0;13140,98;1;2;2025-08-14T00:00:00;b0c31f78-dd97-4bde-bcb0-4eadb6d4ecab;1ead4184-d0cb-11ef-967e-2c6dc1e036d0;;99;bank;;РусскийстильООО;НБД;b0c31f78-dd97-4bde-bcb0-4eadb6d4ecab;1ead4184-d0cb-11ef-967e-2c6dc1e036d0;;;ЛОЖЬ;2;2025-08-14
537736,77;0;0;537736,77;1;2;2025-08-14T00:00:00;b0c31f78-dd97-4bde-bcb0-4eadb6d4ecab;1ead4185-d0cb-11ef-967e-2c6dc1e036d0;;100;bank;;РусскийстильООО;Сбербанк;b0c31f78-dd97-4bde-bcb0-4eadb6d4ecab;1ead4185-d0cb-11ef-967e-2c6dc1e036d0;;;ЛОЖЬ;2;2025-08-14
1417340,38;18962152;5311221,12;15068271,26;1;1;2025-08-14T00:00:00;d0945c99-06a7-4517-9011-66419643ebf5;e0af7dd6-d0c8-11ef-967e-2c6dc1e036d0;;101;bank;;ЮЛИАННАЗАО;;;d0945c99-06a7-4517-9011-66419643ebf5;;;ИСТИНА;1;2025-08-14
136537,12;0;0;136537,12;1;2;2025-08-14T00:00:00;d0945c99-06a7-4517-9011-66419643ebf5;867cece5-f2bc-11ef-967e-2c6dc1e036d0;;102;bank;;ЮЛИАННАЗАО;Альфа-банк;d0945c99-06a7-4517-9011-66419643ebf5;867cece5-f2bc-11ef-967e-2c6dc1e036d0;;;ЛОЖЬ;2;2025-08-14
577804,71;2771647;14308,68;3335143,03;1;2;2025-08-14T00:00:00;d0945c99-06a7-4517-9011-66419643ebf5;b78d7d51-4ce2-11f0-967e-2c6dc1e036d0;;103;bank;;ЮЛИАННАЗАО;БанкПСБ;d0945c99-06a7-4517-9011-66419643ebf5;b78d7d51-4ce2-11f0-967e-2c6dc1e036d0;;;ЛОЖЬ;2;2025-08-14
0;2771647;0;0;1;3;2025-08-14T00:00:00;d0945c99-06a7-4517-9011-66419643ebf5;b78d7d51-4ce2-11f0-967e-2c6dc1e036d0;e6f83c52-e3d5-11ef-967e-2c6dc1e036d0;104;bank;;ЮЛИАННАЗАО;БанкПСБ;b78d7d51-4ce2-11f0-967e-2c6dc1e036d0;e6f83c52-e3d5-11ef-967e-2c6dc1e036d0;1.1.Поступленияпоосновнойдеятельности;;ЛОЖЬ;3;2025-08-14
0;0;14308,68;0;1;3;2025-08-14T00:00:00;d0945c99-06a7-4517-9011-66419643ebf5;b78d7d51-4ce2-11f0-967e-2c6dc1e036d0;495fafa8-d68b-11ef-967e-2c6dc1e036d0;105;bank;;ЮЛИАННАЗАО;БанкПСБ;b78d7d51-4ce2-11f0-967e-2c6dc1e036d0;495fafa8-d68b-11ef-967e-2c6dc1e036d0;3.10.1.Расчетно-кассовоеобслуживание;;ЛОЖЬ;3;2025-08-14
10425,56;0;0;10425,56;1;2;2025-08-14T00:00:00;d0945c99-06a7-4517-9011-66419643ebf5;1d2cb808-f2b1-11ef-967e-2c6dc1e036d0;;106;bank;;ЮЛИАННАЗАО;НБД;d0945c99-06a7-4517-9011-66419643ebf5;1d2cb808-f2b1-11ef-967e-2c6dc1e036d0;;;ЛОЖЬ;2;2025-08-14
439801,63;11190505;5290912,44;6339394,19;1;2;2025-08-14T00:00:00;d0945c99-06a7-4517-9011-66419643ebf5;e0af7dd6-d0c8-11ef-967e-2c6dc1e036d0;;107;bank;;ЮЛИАННАЗАО;Сбербанк;d0945c99-06a7-4517-9011-66419643ebf5;e0af7dd6-d0c8-11ef-967e-2c6dc1e036d0;;;ЛОЖЬ;2;2025-08-14
0;190505;0;0;1;3;2025-08-14T00:00:00;d0945c99-06a7-4517-9011-66419643ebf5;e0af7dd6-d0c8-11ef-967e-2c6dc1e036d0;e6f83c52-e3d5-11ef-967e-2c6dc1e036d0;108;bank;;ЮЛИАННАЗАО;Сбербанк;e0af7dd6-d0c8-11ef-967e-2c6dc1e036d0;e6f83c52-e3d5-11ef-967e-2c6dc1e036d0;1.1.Поступленияпоосновнойдеятельности;;ЛОЖЬ;3;2025-08-14
0;0;250000;0;1;3;2025-08-14T00:00:00;d0945c99-06a7-4517-9011-66419643ebf5;e0af7dd6-d0c8-11ef-967e-2c6dc1e036d0;227a715a-e46d-11ef-967e-2c6dc1e036d0;109;bank;;ЮЛИАННАЗАО;Сбербанк;e0af7dd6-d0c8-11ef-967e-2c6dc1e036d0;227a715a-e46d-11ef-967e-2c6dc1e036d0;2.1.1.Оплатапофактузатоварыиосновныематериалы;;ЛОЖЬ;3;2025-08-14
0;0;16337;0;1;3;2025-08-14T00:00:00;d0945c99-06a7-4517-9011-66419643ebf5;e0af7dd6-d0c8-11ef-967e-2c6dc1e036d0;4931e8f1-486e-11ed-967d-14857fc22c97;110;bank;;ЮЛИАННАЗАО;Сбербанк;e0af7dd6-d0c8-11ef-967e-2c6dc1e036d0;4931e8f1-486e-11ed-967d-14857fc22c97;2.1.5.Транспортныерасходы(поступлениеТМЦ);;ЛОЖЬ;3;2025-08-14
0;0;80;0;1;3;2025-08-14T00:00:00;d0945c99-06a7-4517-9011-66419643ebf5;e0af7dd6-d0c8-11ef-967e-2c6dc1e036d0;495fafa8-d68b-11ef-967e-2c6dc1e036d0;111;bank;;ЮЛИАННАЗАО;Сбербанк;e0af7dd6-d0c8-11ef-967e-2c6dc1e036d0;495fafa8-d68b-11ef-967e-2c6dc1e036d0;3.10.1.Расчетно-кассовоеобслуживание;;ЛОЖЬ;3;2025-08-14
0;0;11315,44;0;1;3;2025-08-14T00:00:00;d0945c99-06a7-4517-9011-66419643ebf5;e0af7dd6-d0c8-11ef-967e-2c6dc1e036d0;3c703ae9-486e-11ed-967d-14857fc22c97;112;bank;;ЮЛИАННАЗАО;Сбербанк;e0af7dd6-d0c8-11ef-967e-2c6dc1e036d0;3c703ae9-486e-11ed-967d-14857fc22c97;3.4.1.Оплататрудаадминистративно-хозяйственногоперсонала;;ЛОЖЬ;3;2025-08-14
0;0;11490;0;1;3;2025-08-14T00:00:00;d0945c99-06a7-4517-9011-66419643ebf5;e0af7dd6-d0c8-11ef-967e-2c6dc1e036d0;c3177503-487d-11ed-967d-14857fc22c97;113;bank;;ЮЛИАННАЗАО;Сбербанк;e0af7dd6-d0c8-11ef-967e-2c6dc1e036d0;c3177503-487d-11ed-967d-14857fc22c97;3.7.2.ПК,офиснаятехника,средствасвязи;;ЛОЖЬ;3;2025-08-14
0;0;1690;0;1;3;2025-08-14T00:00:00;d0945c99-06a7-4517-9011-66419643ebf5;e0af7dd6-d0c8-11ef-967e-2c6dc1e036d0;e6f83c82-e3d5-11ef-967e-2c6dc1e036d0;114;bank;;ЮЛИАННАЗАО;Сбербанк;e0af7dd6-d0c8-11ef-967e-2c6dc1e036d0;e6f83c82-e3d5-11ef-967e-2c6dc1e036d0;3.9.1.Налогнадоходыфизическихлиц;;ЛОЖЬ;3;2025-08-14
0;11000000;0;0;1;3;2025-08-14T00:00:00;d0945c99-06a7-4517-9011-66419643ebf5;e0af7dd6-d0c8-11ef-967e-2c6dc1e036d0;053f0b95-e3d6-11ef-967e-2c6dc1e036d0;115;bank;;ЮЛИАННАЗАО;Сбербанк;e0af7dd6-d0c8-11ef-967e-2c6dc1e036d0;053f0b95-e3d6-11ef-967e-2c6dc1e036d0;6.1.Кредиты(займы)полученные;;ЛОЖЬ;3;2025-08-14
0;0;5000000;0;1;3;2025-08-14T00:00:00;d0945c99-06a7-4517-9011-66419643ebf5;e0af7dd6-d0c8-11ef-967e-2c6dc1e036d0;38277bcb-c52e-11ef-98e2-74563cd6494c;116;bank;;ЮЛИАННАЗАО;Сбербанк;e0af7dd6-d0c8-11ef-967e-2c6dc1e036d0;38277bcb-c52e-11ef-98e2-74563cd6494c;Перечислениеденежныхсредствнадругойсчет;;ЛОЖЬ;3;2025-08-14
2041,59;0;0;2041,59;1;2;2025-08-14T00:00:00;d0945c99-06a7-4517-9011-66419643ebf5;b0121192-f355-11ef-967e-2c6dc1e036d0;;117;bank;;ЮЛИАННАЗАО;Тинькофф;d0945c99-06a7-4517-9011-66419643ebf5;b0121192-f355-11ef-967e-2c6dc1e036d0;;;ЛОЖЬ;2;2025-08-14
250729,77;5000000;6000;5244729,77;1;2;2025-08-14T00:00:00;d0945c99-06a7-4517-9011-66419643ebf5;1bc16e85-f36a-11ef-967e-2c6dc1e036d0;;118;bank;;ЮЛИАННАЗАО;Цифрабанк;d0945c99-06a7-4517-9011-66419643ebf5;1bc16e85-f36a-11ef-967e-2c6dc1e036d0;;;ЛОЖЬ;2;2025-08-14
0;0;6000;0;1;3;2025-08-14T00:00:00;d0945c99-06a7-4517-9011-66419643ebf5;1bc16e85-f36a-11ef-967e-2c6dc1e036d0;e6bd2e7b-eafc-11ef-967e-2c6dc1e036d0;119;bank;;ЮЛИАННАЗАО;Цифрабанк;1bc16e85-f36a-11ef-967e-2c6dc1e036d0;e6bd2e7b-eafc-11ef-967e-2c6dc1e036d0;2.1.6.ОформлениеРУ,деклараций,сертификатовсоответствиянатовар;;ЛОЖЬ;3;2025-08-14
0;5000000;0;0;1;3;2025-08-14T00:00:00;d0945c99-06a7-4517-9011-66419643ebf5;1bc16e85-f36a-11ef-967e-2c6dc1e036d0;38277bcb-c52e-11ef-98e2-74563cd6494c;120;bank;;ЮЛИАННАЗАО;Цифрабанк;1bc16e85-f36a-11ef-967e-2c6dc1e036d0;38277bcb-c52e-11ef-98e2-74563cd6494c;Перечислениеденежныхсредствнадругойсчет;;ЛОЖЬ;3;2025-08-14
6700288,23;1364549,8;7346273;718565,03;1;1;2025-08-14T00:00:00;bc83f6d4-8d9e-405c-948a-59b96edc0d9a;7ec93f16-d0cb-11ef-967e-2c6dc1e036d0;;121;bank;;ЮЛИАННАМЕДООО;;;bc83f6d4-8d9e-405c-948a-59b96edc0d9a;;;ИСТИНА;1;2025-08-14
49656,16;0;46248;3408,16;1;2;2025-08-14T00:00:00;bc83f6d4-8d9e-405c-948a-59b96edc0d9a;a3916d71-2a4d-11f0-967e-2c6dc1e036d0;;122;bank;;ЮЛИАННАМЕДООО;Альфа-банк;bc83f6d4-8d9e-405c-948a-59b96edc0d9a;a3916d71-2a4d-11f0-967e-2c6dc1e036d0;;;ЛОЖЬ;2;2025-08-14
0;0;46248;0;1;3;2025-08-14T00:00:00;bc83f6d4-8d9e-405c-948a-59b96edc0d9a;a3916d71-2a4d-11f0-967e-2c6dc1e036d0;ab15718e-f505-11ef-967e-2c6dc1e036d0;123;bank;;ЮЛИАННАМЕДООО;Альфа-банк;a3916d71-2a4d-11f0-967e-2c6dc1e036d0;ab15718e-f505-11ef-967e-2c6dc1e036d0;3.6.2.ПК,офиснаятехника,средствасвязи;;ЛОЖЬ;3;2025-08-14
4998666,46;1300000;6000000;298666,46;1;2;2025-08-14T00:00:00;bc83f6d4-8d9e-405c-948a-59b96edc0d9a;7ec93f16-d0cb-11ef-967e-2c6dc1e036d0;;124;bank;;ЮЛИАННАМЕДООО;Сбербанк;bc83f6d4-8d9e-405c-948a-59b96edc0d9a;7ec93f16-d0cb-11ef-967e-2c6dc1e036d0;;;ЛОЖЬ;2;2025-08-14
0;1300000;0;0;1;3;2025-08-14T00:00:00;bc83f6d4-8d9e-405c-948a-59b96edc0d9a;7ec93f16-d0cb-11ef-967e-2c6dc1e036d0;ddc71919-f504-11ef-967e-2c6dc1e036d0;125;bank;;ЮЛИАННАМЕДООО;Сбербанк;7ec93f16-d0cb-11ef-967e-2c6dc1e036d0;ddc71919-f504-11ef-967e-2c6dc1e036d0;Внутреннееперемещениеденежныхсредств;;ЛОЖЬ;3;2025-08-14
0;0;6000000;0;1;3;2025-08-14T00:00:00;bc83f6d4-8d9e-405c-948a-59b96edc0d9a;7ec93f16-d0cb-11ef-967e-2c6dc1e036d0;1c782e29-0ed2-11f0-967e-2c6dc1e036d0;126;bank;;ЮЛИАННАМЕДООО;Сбербанк;7ec93f16-d0cb-11ef-967e-2c6dc1e036d0;1c782e29-0ed2-11f0-967e-2c6dc1e036d0;Предоставлениезаймов;;ЛОЖЬ;3;2025-08-14
1651965,61;64549,8;1300025;416490,41;1;2;2025-08-14T00:00:00;bc83f6d4-8d9e-405c-948a-59b96edc0d9a;7ec93f17-d0cb-11ef-967e-2c6dc1e036d0;;127;bank;;ЮЛИАННАМЕДООО;ЮникредитБанк;bc83f6d4-8d9e-405c-948a-59b96edc0d9a;7ec93f17-d0cb-11ef-967e-2c6dc1e036d0;;;ЛОЖЬ;2;2025-08-14
0;64549,8;0;0;1;3;2025-08-14T00:00:00;bc83f6d4-8d9e-405c-948a-59b96edc0d9a;7ec93f17-d0cb-11ef-967e-2c6dc1e036d0;e6f83c52-e3d5-11ef-967e-2c6dc1e036d0;128;bank;;ЮЛИАННАМЕДООО;ЮникредитБанк;7ec93f17-d0cb-11ef-967e-2c6dc1e036d0;e6f83c52-e3d5-11ef-967e-2c6dc1e036d0;1.1.Поступленияпоосновнойдеятельности;;ЛОЖЬ;3;2025-08-14
0;0;25;0;1;3;2025-08-14T00:00:00;bc83f6d4-8d9e-405c-948a-59b96edc0d9a;7ec93f17-d0cb-11ef-967e-2c6dc1e036d0;53927e39-d68b-11ef-967e-2c6dc1e036d0;129;bank;;ЮЛИАННАМЕДООО;ЮникредитБанк;7ec93f17-d0cb-11ef-967e-2c6dc1e036d0;53927e39-d68b-11ef-967e-2c6dc1e036d0;3.7.1.Расчетно-кассовоеобслуживание;;ЛОЖЬ;3;2025-08-14
0;0;1300000;0;1;3;2025-08-14T00:00:00;bc83f6d4-8d9e-405c-948a-59b96edc0d9a;7ec93f17-d0cb-11ef-967e-2c6dc1e036d0;ddc71919-f504-11ef-967e-2c6dc1e036d0;130;bank;;ЮЛИАННАМЕДООО;ЮникредитБанк;7ec93f17-d0cb-11ef-967e-2c6dc1e036d0;ddc71919-f504-11ef-967e-2c6dc1e036d0;Внутреннееперемещениеденежныхсредств;;ЛОЖЬ;3;2025-08-14
31142,7;0;0;31142,7;1;1;2025-08-14T00:00:00;5263656d-33b2-40c0-87ee-f60adb5a7f10;7ec93f3c-d0cb-11ef-967e-2c6dc1e036d0;;131;bank;;Юлианна-МедЗАО;;;5263656d-33b2-40c0-87ee-f60adb5a7f10;;;ИСТИНА;1;2025-08-14
31142,7;0;0;31142,7;1;2;2025-08-14T00:00:00;5263656d-33b2-40c0-87ee-f60adb5a7f10;7ec93f3c-d0cb-11ef-967e-2c6dc1e036d0;;132;bank;;Юлианна-МедЗАО;Сбербанк;5263656d-33b2-40c0-87ee-f60adb5a7f10;7ec93f3c-d0cb-11ef-967e-2c6dc1e036d0;;;ЛОЖЬ;2;2025-08-14
18000000;0;0;18000000;1;1;2025-08-14T00:00:00;fb8866db-d698-4532-95b8-4a87a2304414;3954b1f6-6b80-11f0-967e-2c6dc1e036d0;;134;bank;;"ООО""ЦПО""";;;fb8866db-d698-4532-95b8-4a87a2304414;;;ИСТИНА;1;2025-08-14
10000000;0;0;10000000;1;2;2025-08-14T00:00:00;fb8866db-d698-4532-95b8-4a87a2304414;82a3775a-781d-11f0-967e-2c6dc1e036d0;;135;bank;;"ООО""ЦПО""";;fb8866db-d698-4532-95b8-4a87a2304414;82a3775a-781d-11f0-967e-2c6dc1e036d0;;;ЛОЖЬ;2;2025-08-14
8000000;0;0;8000000;1;2;2025-08-14T00:00:00;fb8866db-d698-4532-95b8-4a87a2304414;3954b1f6-6b80-11f0-967e-2c6dc1e036d0;;136;bank;;"ООО""ЦПО""";;fb8866db-d698-4532-95b8-4a87a2304414;3954b1f6-6b80-11f0-967e-2c6dc1e036d0;;;ЛОЖЬ;2;2025-08-14
141997,96;0;0;141997,96;1;1;2025-08-14T00:00:00;b88862cf-4a1d-11ed-9680-14857fc22c97;14c56383-c97b-11ed-9676-2c6dc1e036d3;;138;bank;;ДемаринаЛ.А.ИП;;;b88862cf-4a1d-11ed-9680-14857fc22c97;;;ИСТИНА;1;2025-08-14
141997,96;0;0;141997,96;1;2;2025-08-14T00:00:00;b88862cf-4a1d-11ed-9680-14857fc22c97;14c56383-c97b-11ed-9676-2c6dc1e036d3;;139;bank;;ДемаринаЛ.А.ИП;Сбербанккарта;b88862cf-4a1d-11ed-9680-14857fc22c97;14c56383-c97b-11ed-9676-2c6dc1e036d3;;;ЛОЖЬ;2;2025-08-14
6791035,99;0;6628967,62;162068,37;1;1;2025-08-14T00:00:00;0d5c1a45-7a3d-4db6-af5c-e6f388e42525;1f29b138-f283-11ef-967e-2c6dc1e036d0;;141;bank;;"ООО""ОРТОБУМ""";;;0d5c1a45-7a3d-4db6-af5c-e6f388e42525;;;ИСТИНА;1;2025-08-14
6791035,99;0;6628967,62;162068,37;1;2;2025-08-14T00:00:00;0d5c1a45-7a3d-4db6-af5c-e6f388e42525;1f29b138-f283-11ef-967e-2c6dc1e036d0;;142;bank;;"ООО""ОРТОБУМ""";;0d5c1a45-7a3d-4db6-af5c-e6f388e42525;1f29b138-f283-11ef-967e-2c6dc1e036d0;;;ЛОЖЬ;2;2025-08-14
0;0;6628967,62;0;1;3;2025-08-14T00:00:00;0d5c1a45-7a3d-4db6-af5c-e6f388e42525;1f29b138-f283-11ef-967e-2c6dc1e036d0;0f826008-eabc-11ef-967e-2c6dc1e036d0;143;bank;;"ООО""ОРТОБУМ""";;1f29b138-f283-11ef-967e-2c6dc1e036d0;0f826008-eabc-11ef-967e-2c6dc1e036d0;2.1.2.Авансызатоварыиосновныематериалы;;ЛОЖЬ;3;2025-08-14
23945;0;0;23945;1;1;2025-08-14T00:00:00;b88862cf-4a1d-11ed-9680-14857fc22c97;;;145;;cash;ДемаринаЛ.А.ИП;;;b88862cf-4a1d-11ed-9680-14857fc22c97;;;ИСТИНА;1;2025-08-14
23945;0;0;23945;1;2;2025-08-14T00:00:00;b88862cf-4a1d-11ed-9680-14857fc22c97;;;146;;cash;ДемаринаЛ.А.ИП;Упр;b88862cf-4a1d-11ed-9680-14857fc22c97;c04e9dd6-d0b7-4f09-80c7-19b0dd9095d1;;;ЛОЖЬ;2;2025-08-14
2723035,56;434063;236000;2921098,56;1;1;2025-08-14T00:00:00;1dd09d43-2c12-4942-934c-a0fbe3951c50;;;147;;cash;Маркова-ДорейЮ.В.ИП;;;1dd09d43-2c12-4942-934c-a0fbe3951c50;;;ИСТИНА;1;2025-08-14
2723035,56;434063;236000;2921098,56;1;2;2025-08-14T00:00:00;1dd09d43-2c12-4942-934c-a0fbe3951c50;;;148;;cash;Маркова-ДорейЮ.В.ИП;;1dd09d43-2c12-4942-934c-a0fbe3951c50;5b11b51f-576c-4f43-8012-c25a5a050adc;;;ЛОЖЬ;2;2025-08-14
0;248000;0;0;1;3;2025-08-14T00:00:00;1dd09d43-2c12-4942-934c-a0fbe3951c50;e6f83c52-e3d5-11ef-967e-2c6dc1e036d0;;149;;cash;Маркова-ДорейЮ.В.ИП;;;e6f83c52-e3d5-11ef-967e-2c6dc1e036d0;1.1.Поступленияпоосновнойдеятельности;;ЛОЖЬ;3;2025-08-14
0;0;4000;0;1;3;2025-08-14T00:00:00;1dd09d43-2c12-4942-934c-a0fbe3951c50;f630c2e0-e3d5-11ef-967e-2c6dc1e036d0;;150;;cash;Маркова-ДорейЮ.В.ИП;;;f630c2e0-e3d5-11ef-967e-2c6dc1e036d0;Возвратоплатыклиенту;;ЛОЖЬ;3;2025-08-14
0;186063;232000;0;1;3;2025-08-14T00:00:00;1dd09d43-2c12-4942-934c-a0fbe3951c50;9c16b55f-f36b-11ef-967e-2c6dc1e036d0;;151;;cash;Маркова-ДорейЮ.В.ИП;;;9c16b55f-f36b-11ef-967e-2c6dc1e036d0;ПоступлениеденежныхсредствизкассыККМ;;ЛОЖЬ;3;2025-08-14
49934,97;0;0;49934,97;1;1;2025-08-14T00:00:00;0d5c1a45-7a3d-4db6-af5c-e6f388e42525;;;152;;cash;"ООО""ОРТОБУМ""";;;0d5c1a45-7a3d-4db6-af5c-e6f388e42525;;;ИСТИНА;1;2025-08-14
49934,97;0;0;49934,97;1;2;2025-08-14T00:00:00;0d5c1a45-7a3d-4db6-af5c-e6f388e42525;;;153;;cash;"ООО""ОРТОБУМ""";;0d5c1a45-7a3d-4db6-af5c-e6f388e42525;41c40c0a-9ce0-445a-90ed-af06767b1b20;;;ЛОЖЬ;2;2025-08-14
582434,61;0;0;582434,61;1;1;2025-08-14T00:00:00;fb8866db-d698-4532-95b8-4a87a2304414;;;154;;cash;"ООО""ЦПО""";;;fb8866db-d698-4532-95b8-4a87a2304414;;;ИСТИНА;1;2025-08-14
137104,61;0;0;137104,61;1;2;2025-08-14T00:00:00;fb8866db-d698-4532-95b8-4a87a2304414;;;155;;cash;"ООО""ЦПО""";;fb8866db-d698-4532-95b8-4a87a2304414;c7f4ec5a-003b-4ad2-abe7-63ed9cfe04f2;;;ЛОЖЬ;2;2025-08-14
445330;0;0;445330;1;2;2025-08-14T00:00:00;fb8866db-d698-4532-95b8-4a87a2304414;;;156;;cash;"ООО""ЦПО""";Упр;fb8866db-d698-4532-95b8-4a87a2304414;7b7d609b-69cc-48ff-b03f-45859569950a;;;ЛОЖЬ;2;2025-08-14
1476,21;21600;0;23076,21;1;1;2025-08-14T00:00:00;df20d8a9-eaa5-40fb-8d26-d313c7f63cf1;;;157;;cash;ПКЮЛИАННАООО;;;df20d8a9-eaa5-40fb-8d26-d313c7f63cf1;;;ИСТИНА;1;2025-08-14
1476,21;21600;0;23076,21;1;2;2025-08-14T00:00:00;df20d8a9-eaa5-40fb-8d26-d313c7f63cf1;;;158;;cash;ПКЮЛИАННАООО;;df20d8a9-eaa5-40fb-8d26-d313c7f63cf1;8dd0e929-ecab-4685-8f5a-afec33e1339f;;;ЛОЖЬ;2;2025-08-14
0;21600;0;0;1;3;2025-08-14T00:00:00;df20d8a9-eaa5-40fb-8d26-d313c7f63cf1;e6f83c52-e3d5-11ef-967e-2c6dc1e036d0;;159;;cash;ПКЮЛИАННАООО;;;e6f83c52-e3d5-11ef-967e-2c6dc1e036d0;1.1.Поступленияпоосновнойдеятельности;;ЛОЖЬ;3;2025-08-14
297260,29;30000;0;327260,29;1;1;2025-08-14T00:00:00;bc83f6d4-8d9e-405c-948a-59b96edc0d9a;;;160;;cash;ЮЛИАННАМЕДООО;;;bc83f6d4-8d9e-405c-948a-59b96edc0d9a;;;ИСТИНА;1;2025-08-14
297260,29;30000;0;327260,29;1;2;2025-08-14T00:00:00;bc83f6d4-8d9e-405c-948a-59b96edc0d9a;;;161;;cash;ЮЛИАННАМЕДООО;;bc83f6d4-8d9e-405c-948a-59b96edc0d9a;badeebc2-0713-432b-bce0-67f53f5f38af;;;ЛОЖЬ;2;2025-08-14
0;30000;0;0;1;3;2025-08-14T00:00:00;bc83f6d4-8d9e-405c-948a-59b96edc0d9a;e6f83c52-e3d5-11ef-967e-2c6dc1e036d0;;162;;cash;ЮЛИАННАМЕДООО;;;e6f83c52-e3d5-11ef-967e-2c6dc1e036d0;1.1.Поступленияпоосновнойдеятельности;;ЛОЖЬ;3;2025-08-14
