id,user_id,organization_id,role,created_at
13,10081eeb-e6f3-47bd-9c69-79bfbbba1590,6140a272-f059-4a7a-bfb9-3c2bb66a4cc2,admin,2025-07-20 19:59:58.970948+00
15,10081eeb-e6f3-47bd-9c69-79bfbbba1590,426da6ca-0d71-485b-aa12-69f97706fcc0,admin,2025-07-21 21:43:25.752082+00
16,10081eeb-e6f3-47bd-9c69-79bfbbba1590,f0c46341-35ea-4bbe-8ba8-4a4c78da4c70,admin,2025-08-08 10:51:51.717869+00
17,10081eeb-e6f3-47bd-9c69-79bfbbba1590,fdc7e9ff-f7f7-4aaf-801e-773b146eeeb6,admin,2025-08-08 10:52:05.592209+00
18,10081eeb-e6f3-47bd-9c69-79bfbbba1590,1c04d833-7442-4ea2-a33c-e9a6b7b5acca,admin,2025-08-08 10:52:40.210521+00
19,10081eeb-e6f3-47bd-9c69-79bfbbba1590,599c53d8-ae5f-468a-8769-e539844bc5bb,admin,2025-08-08 10:53:10.315875+00
20,10081eeb-e6f3-47bd-9c69-79bfbbba1590,54a85dd2-91a7-416b-a7aa-7bb6c42c85cf,admin,2025-08-08 10:53:19.227246+00
21,10081eeb-e6f3-47bd-9c69-79bfbbba1590,f763544c-ecea-4c84-8f39-ecee229943db,admin,2025-08-08 10:53:27.436896+00
22,10081eeb-e6f3-47bd-9c69-79bfbbba1590,b70847ba-9f48-46a2-ab9a-b1cf946137ef,admin,2025-08-08 10:53:36.182231+00
24,10081eeb-e6f3-47bd-9c69-79bfbbba1590,bcdd558a-74a4-4944-9872-e72f47c6ee87,admin,2025-08-08 10:53:51.763347+00
27,d30ab60e-1dec-4d03-a9db-06f67fd33bd8,6140a272-f059-4a7a-bfb9-3c2bb66a4cc2,member,2025-08-13 13:36:37.074098+00
28,d30ab60e-1dec-4d03-a9db-06f67fd33bd8,f0c46341-35ea-4bbe-8ba8-4a4c78da4c70,member,2025-08-13 14:13:23.065349+00
30,d30ab60e-1dec-4d03-a9db-06f67fd33bd8,426da6ca-0d71-485b-aa12-69f97706fcc0,member,2025-08-13 14:13:42.023425+00
31,d30ab60e-1dec-4d03-a9db-06f67fd33bd8,fdc7e9ff-f7f7-4aaf-801e-773b146eeeb6,member,2025-08-13 14:14:00.242999+00
32,d30ab60e-1dec-4d03-a9db-06f67fd33bd8,1c04d833-7442-4ea2-a33c-e9a6b7b5acca,member,2025-08-13 14:14:13.980099+00
33,d30ab60e-1dec-4d03-a9db-06f67fd33bd8,599c53d8-ae5f-468a-8769-e539844bc5bb,member,2025-08-13 14:14:37.328594+00
34,d30ab60e-1dec-4d03-a9db-06f67fd33bd8,54a85dd2-91a7-416b-a7aa-7bb6c42c85cf,member,2025-08-13 14:14:54.24176+00
35,d30ab60e-1dec-4d03-a9db-06f67fd33bd8,f763544c-ecea-4c84-8f39-ecee229943db,member,2025-08-13 14:15:02.646583+00
36,d30ab60e-1dec-4d03-a9db-06f67fd33bd8,b70847ba-9f48-46a2-ab9a-b1cf946137ef,member,2025-08-13 14:15:09.781667+00
38,d30ab60e-1dec-4d03-a9db-06f67fd33bd8,bcdd558a-74a4-4944-9872-e72f47c6ee87,member,2025-08-13 14:15:26.346805+00
39,62947aae-66b1-4ff3-993a-d8e96c0b809f,426da6ca-0d71-485b-aa12-69f97706fcc0,member,2025-08-13 21:03:27.686366+00
41,0914efa5-9e58-4670-8bce-888c48bb7f96,f0c46341-35ea-4bbe-8ba8-4a4c78da4c70,member,2025-08-14 22:20:27.677827+00
42,0914efa5-9e58-4670-8bce-888c48bb7f96,6140a272-f059-4a7a-bfb9-3c2bb66a4cc2,member,2025-08-14 22:21:07.630649+00
43,0914efa5-9e58-4670-8bce-888c48bb7f96,426da6ca-0d71-485b-aa12-69f97706fcc0,member,2025-08-14 22:21:15.625023+00
44,0914efa5-9e58-4670-8bce-888c48bb7f96,fdc7e9ff-f7f7-4aaf-801e-773b146eeeb6,member,2025-08-14 22:21:30.158115+00
45,0914efa5-9e58-4670-8bce-888c48bb7f96,1c04d833-7442-4ea2-a33c-e9a6b7b5acca,member,2025-08-14 22:21:37.408695+00
46,0914efa5-9e58-4670-8bce-888c48bb7f96,599c53d8-ae5f-468a-8769-e539844bc5bb,member,2025-08-14 22:21:46.966741+00
47,0914efa5-9e58-4670-8bce-888c48bb7f96,54a85dd2-91a7-416b-a7aa-7bb6c42c85cf,member,2025-08-14 22:21:55.932315+00
48,0914efa5-9e58-4670-8bce-888c48bb7f96,f763544c-ecea-4c84-8f39-ecee229943db,member,2025-08-14 22:22:03.737846+00
49,0914efa5-9e58-4670-8bce-888c48bb7f96,b70847ba-9f48-46a2-ab9a-b1cf946137ef,member,2025-08-14 22:22:11.956301+00
50,0914efa5-9e58-4670-8bce-888c48bb7f96,bcdd558a-74a4-4944-9872-e72f47c6ee87,member,2025-08-14 22:22:19.738125+00